Age,Education Level,Sleep Duration,Bedtime,Wake-up Time,Consistent Sleep Schedule,Use of Electronic Devices Before Sleep,Caffeine Consumption Before Bedtime,Regular Physical Activity,Link Between Sleep Duration and Productivity,Productivity Rating with Good Sleep,Productivity Rating with Poor Sleep,Factors Affecting Sleep Quality
52,Master,more than 8,Before 10 PM,Morning,Sometimes,Sometimes,No,Sometimes,Yes,1,1,Prevent real wrong nothing plant soldier.
32,Master,4-6,Before 10 PM,Late Morning,No,No,No,No,No,7,9,Boy could future agency example price without.
32,Master,Less than 4,After 2 AM,Late Morning,No,Sometimes,Yes,Yes,Yes,3,9,White article hold responsibility upon southern where.
64,Master,6-8,Before 10 PM,Late Morning,No,No,Yes,Yes,Yes,4,10,Particular rock laugh.
49,Master,more than 8,After 2 AM,Afternoon,Yes,No,No,No,Unsure,2,9,Interest federal both.
62,Master,4-6,10 PM - 12 AM,Morning,No,Sometimes,Yes,No,No,7,1,There half culture these ok feel.
26,Graduate,Less than 4,12 AM - 2 AM,Late Morning,No,No,Yes,No,Yes,7,3,Those property unit own international.
33,Master,6-8,After 2 AM,Late Morning,Yes,No,Sometimes,No,No,4,7,Cover interest support action require.
26,Graduate,6-8,12 AM - 2 AM,Late Morning,No,Yes,Sometimes,Yes,Yes,8,8,Prevent sound situation particular push.
40,Master,Less than 4,After 2 AM,Late Morning,Yes,No,Sometimes,No,No,8,1,Series after shoulder hot.
42,Master,4-6,12 AM - 2 AM,Late Morning,Yes,No,Yes,Sometimes,No,1,2,Then great else total common.
51,Master,6-8,After 2 AM,Afternoon,Yes,Sometimes,Yes,Yes,Yes,9,2,Exactly consider once purpose point leave.
61,Master,4-6,After 2 AM,Afternoon,Yes,Sometimes,Sometimes,No,Yes,1,10,Put wind the where.
28,Master,4-6,After 2 AM,Late Morning,No,Yes,Sometimes,No,Unsure,9,10,Blue ten suddenly development moment.
60,Master,more than 8,After 2 AM,Afternoon,Yes,No,No,No,Yes,7,8,Hospital quickly our play miss order movie.
44,Master,Less than 4,10 PM - 12 AM,Morning,Yes,Yes,No,Yes,Unsure,8,6,College black no service of war usually.
20,Undergraduate,more than 8,12 AM - 2 AM,Morning,Sometimes,Yes,No,No,Unsure,4,2,Design share section PM network.
60,Master,Less than 4,12 AM - 2 AM,Afternoon,Yes,Yes,No,Sometimes,No,5,1,Member power work learn.
19,Intermediate,more than 8,After 2 AM,Afternoon,No,Sometimes,No,Yes,Yes,3,4,Together list middle building most summer.
35,Master,Less than 4,After 2 AM,Late Morning,No,Yes,Sometimes,Yes,Unsure,5,9,Environment professor in always growth.
38,Master,4-6,After 2 AM,Late Morning,Sometimes,No,No,Yes,Unsure,6,3,Fire wrong until cup team civil.
41,Master,6-8,12 AM - 2 AM,Late Morning,Yes,Sometimes,No,No,No,6,8,Movie science chance.
36,Master,Less than 4,10 PM - 12 AM,Afternoon,No,Yes,No,Yes,No,9,8,Must figure run a various.
18,Intermediate,6-8,10 PM - 12 AM,Morning,Yes,Yes,Sometimes,No,Yes,1,7,Include ground join voice great.
49,Master,Less than 4,After 2 AM,Afternoon,Sometimes,No,No,Yes,No,4,8,Thought participant realize music cell.
54,Master,more than 8,10 PM - 12 AM,Morning,No,Sometimes,Yes,Yes,No,2,4,Human realize ball future.
40,Master,6-8,10 PM - 12 AM,Afternoon,No,Sometimes,Sometimes,Yes,Unsure,8,10,Force first wish face candidate this player.
44,Master,Less than 4,After 2 AM,Afternoon,No,No,Sometimes,No,No,3,1,Bag popular we western line specific change.
55,Master,4-6,After 2 AM,Afternoon,Sometimes,Yes,Yes,Yes,No,3,3,Century letter talk natural opportunity establish.
53,Master,Less than 4,10 PM - 12 AM,Afternoon,Yes,Sometimes,No,No,Yes,3,9,Budget meeting stage rise.
62,Master,4-6,10 PM - 12 AM,Afternoon,Sometimes,Yes,Sometimes,Yes,No,3,2,Family up activity issue country parent role.
42,Master,6-8,Before 10 PM,Late Morning,No,Yes,No,No,Unsure,7,7,According body big listen book.
18,Intermediate,more than 8,After 2 AM,Afternoon,Sometimes,Sometimes,No,No,Unsure,3,2,Remain along eat goal everything must.
62,Master,6-8,Before 10 PM,Late Morning,Sometimes,Sometimes,No,No,Unsure,8,10,Early tonight situation open.
33,Master,4-6,12 AM - 2 AM,Morning,Sometimes,Yes,Yes,No,Yes,4,10,But administration production I after low TV natural.
47,Master,Less than 4,Before 10 PM,Morning,Sometimes,Yes,Sometimes,Yes,Yes,9,4,Decision economic wide wind nice item.
52,Master,more than 8,After 2 AM,Afternoon,Sometimes,No,No,Yes,No,9,5,Mrs especially very shake total.
40,Master,6-8,10 PM - 12 AM,Late Morning,Sometimes,Sometimes,No,Yes,No,5,3,Medical window above join condition point short.
62,Master,4-6,After 2 AM,Late Morning,No,Yes,No,No,No,5,7,Like sometimes seven stock yourself open.
39,Master,6-8,12 AM - 2 AM,Late Morning,Sometimes,No,Sometimes,Yes,No,7,2,Outside admit each attention.
52,Master,Less than 4,Before 10 PM,Late Morning,No,No,Sometimes,Yes,Yes,7,4,Picture meeting address.
37,Master,Less than 4,12 AM - 2 AM,Afternoon,Sometimes,Yes,Sometimes,No,Yes,3,1,Long set affect expert.
60,Master,more than 8,12 AM - 2 AM,Late Morning,Yes,Yes,Yes,No,Yes,5,9,Whom interest bad better true candidate.
59,Master,6-8,Before 10 PM,Late Morning,Sometimes,Yes,No,Yes,Unsure,8,1,Occur season old say while.
31,Master,4-6,Before 10 PM,Late Morning,No,Sometimes,Sometimes,Sometimes,No,8,8,Even represent head brother.
59,Master,more than 8,Before 10 PM,Morning,No,Yes,Yes,No,No,1,9,Tonight relate though one.
27,Master,6-8,12 AM - 2 AM,Morning,No,Sometimes,No,Yes,No,4,5,Inside can key floor pattern chance recent.
41,Master,Less than 4,After 2 AM,Afternoon,Sometimes,Yes,Yes,No,Unsure,8,3,Picture produce deep song commercial relate.
24,Undergraduate,4-6,Before 10 PM,Morning,Yes,No,No,Yes,Unsure,6,3,Its apply can Mr mouth.
36,Master,4-6,12 AM - 2 AM,Morning,No,No,Sometimes,Sometimes,No,8,10,Enter entire wall race team investment bank find.
53,Master,6-8,After 2 AM,Afternoon,Sometimes,Yes,Sometimes,No,No,1,8,Item prepare produce increase.
47,Master,Less than 4,After 2 AM,Morning,Yes,Sometimes,Yes,Yes,Yes,2,3,Personal trouble line factor eye watch nice.
64,Master,4-6,12 AM - 2 AM,Morning,Sometimes,Sometimes,No,Sometimes,Yes,10,7,Compare difficult evening at capital.
46,Master,Less than 4,10 PM - 12 AM,Late Morning,Sometimes,No,Yes,No,No,4,7,Performance teach point investment.
26,Graduate,6-8,Before 10 PM,Afternoon,No,Yes,No,Sometimes,Unsure,6,3,Baby gun firm history subject quality I.
48,Master,Less than 4,Before 10 PM,Afternoon,Yes,Yes,Sometimes,No,No,9,1,Single raise peace low skill.
37,Master,6-8,10 PM - 12 AM,Afternoon,No,No,No,No,No,10,2,Act provide put sometimes care mother everybody.
53,Master,Less than 4,10 PM - 12 AM,Morning,Yes,No,Yes,Yes,Unsure,3,7,Write piece central represent stock decide heavy.
26,Graduate,4-6,10 PM - 12 AM,Late Morning,Yes,Yes,Yes,No,No,2,3,Pretty fund cold reveal.
22,Undergraduate,more than 8,12 AM - 2 AM,Late Morning,No,Sometimes,Yes,Sometimes,Unsure,1,6,Course happy character rise final.
18,Intermediate,6-8,After 2 AM,Morning,Sometimes,Yes,Yes,No,No,2,4,Hair town ago reason listen possible old American.
26,Graduate,more than 8,Before 10 PM,Morning,No,Sometimes,Yes,Yes,Unsure,4,5,Would necessary window heavy garden heart tell.
34,Master,Less than 4,After 2 AM,Morning,Sometimes,No,Yes,Yes,Yes,8,10,Democrat line market security thousand entire.
55,Master,more than 8,10 PM - 12 AM,Afternoon,Yes,Sometimes,No,Yes,Unsure,5,6,Put know table lawyer those.
43,Master,more than 8,12 AM - 2 AM,Late Morning,No,No,Yes,Yes,Unsure,8,3,Start southern most culture wall discuss degree kind.
42,Master,more than 8,After 2 AM,Morning,Yes,Yes,Sometimes,Sometimes,No,2,1,Decision first minute hot.
65,Master,Less than 4,10 PM - 12 AM,Afternoon,Yes,Yes,Sometimes,No,Yes,7,5,City fact hand will.
54,Master,4-6,Before 10 PM,Late Morning,No,No,Sometimes,Yes,Unsure,6,1,General improve yeah perform.
27,Master,6-8,10 PM - 12 AM,Late Morning,No,No,Yes,No,No,1,9,Watch month rise reflect box energy finish.
41,Master,more than 8,Before 10 PM,Afternoon,Sometimes,Yes,Sometimes,Sometimes,Yes,8,3,Offer third offer seem.
19,Intermediate,4-6,Before 10 PM,Late Morning,No,Yes,Yes,Sometimes,No,9,4,Former film ahead result.
65,Master,6-8,12 AM - 2 AM,Afternoon,No,Sometimes,Sometimes,Yes,No,2,9,Trip upon marriage center that society.
29,Master,6-8,12 AM - 2 AM,Morning,Sometimes,No,Yes,Sometimes,Unsure,6,3,Create security cut discussion language.
42,Master,6-8,After 2 AM,Morning,Yes,Yes,Yes,No,Yes,4,9,Practice always often challenge idea trade old.
61,Master,more than 8,Before 10 PM,Late Morning,Yes,No,Yes,Yes,Yes,5,5,Ground teacher involve election.
47,Master,6-8,After 2 AM,Late Morning,Sometimes,Sometimes,No,Yes,No,7,7,Cover present soldier similar life.
38,Master,4-6,12 AM - 2 AM,Morning,Yes,Sometimes,Yes,Sometimes,Yes,7,10,Apply far student arrive meet.
41,Master,Less than 4,12 AM - 2 AM,Late Morning,Sometimes,Yes,Yes,Sometimes,Yes,2,3,Attention small model shake gas human future growth.
34,Master,more than 8,Before 10 PM,Afternoon,Yes,Yes,No,No,No,10,4,National book stage write allow.
48,Master,more than 8,Before 10 PM,Late Morning,Yes,No,No,No,Unsure,5,9,Remain next baby understand hear clearly knowledge.
37,Master,4-6,After 2 AM,Morning,Yes,Sometimes,Yes,Yes,Yes,6,6,Nation interview see water happen even tend.
28,Master,more than 8,After 2 AM,Late Morning,No,No,Sometimes,Sometimes,No,4,10,Perhaps wait Mrs specific speak.
21,Undergraduate,6-8,After 2 AM,Afternoon,No,Sometimes,No,No,No,1,7,Major compare center draw worry between.
47,Master,4-6,After 2 AM,Morning,Yes,Yes,No,Sometimes,No,6,7,Nature scientist though responsibility threat.
58,Master,4-6,10 PM - 12 AM,Late Morning,Sometimes,Yes,Sometimes,No,Unsure,2,8,Impact artist weight have program wrong.
29,Master,4-6,10 PM - 12 AM,Afternoon,No,Yes,No,Sometimes,Yes,6,1,Head go fight.
45,Master,6-8,After 2 AM,Afternoon,Yes,Sometimes,Yes,No,Unsure,9,10,Bank child present money soon performance.
61,Master,Less than 4,Before 10 PM,Afternoon,Yes,Yes,No,Yes,Yes,6,8,Including girl worry agent seat identify.
42,Master,6-8,12 AM - 2 AM,Afternoon,Sometimes,No,No,Yes,No,3,1,By benefit while respond ready although partner.
59,Master,4-6,10 PM - 12 AM,Afternoon,No,No,Yes,Sometimes,Unsure,8,2,Road must forward visit become during.
38,Master,more than 8,12 AM - 2 AM,Late Morning,Sometimes,Sometimes,Yes,Sometimes,No,7,7,Relationship agree parent when cup two.
58,Master,4-6,10 PM - 12 AM,Late Morning,Sometimes,No,No,No,No,5,10,Toward past they.
31,Master,4-6,12 AM - 2 AM,Morning,No,Yes,No,Yes,Unsure,6,10,True way skin ahead yet our space south.
51,Master,Less than 4,10 PM - 12 AM,Morning,Sometimes,Sometimes,No,Sometimes,Unsure,2,10,Scene project mother buy sound role evening Republican.
37,Master,Less than 4,Before 10 PM,Late Morning,Sometimes,Sometimes,No,Sometimes,No,8,4,Dark beat term church.
45,Master,more than 8,After 2 AM,Late Morning,No,No,Sometimes,Sometimes,Unsure,6,6,Explain plant clear cost why.
41,Master,4-6,12 AM - 2 AM,Afternoon,No,No,No,Yes,No,7,2,Kind interesting main above hard.
48,Master,4-6,Before 10 PM,Afternoon,No,Yes,Sometimes,Sometimes,Unsure,5,3,Fall specific keep way.
59,Master,more than 8,10 PM - 12 AM,Afternoon,Yes,Sometimes,Sometimes,Yes,Yes,10,3,Section federal major year could several near.
40,Master,Less than 4,After 2 AM,Late Morning,Sometimes,Sometimes,No,Sometimes,No,9,4,Floor choose standard could hard specific.
31,Master,4-6,After 2 AM,Afternoon,Yes,No,Sometimes,No,Yes,8,8,Across community develop free able final else.
38,Master,more than 8,10 PM - 12 AM,Late Morning,Yes,No,Yes,No,Unsure,5,8,Arrive group language suffer action believe.
47,Master,4-6,12 AM - 2 AM,Morning,No,Sometimes,Sometimes,No,No,2,3,Value season window dark.
20,Undergraduate,4-6,Before 10 PM,Late Morning,No,No,Sometimes,Sometimes,No,9,1,Name bed more through subject expert several.
64,Master,4-6,After 2 AM,Afternoon,Yes,Sometimes,Yes,No,Unsure,3,4,Reveal sister throughout view speak treat stuff share.
60,Master,6-8,10 PM - 12 AM,Late Morning,Sometimes,Sometimes,Sometimes,No,Yes,10,5,Administration international real today agreement institution mouth whole.
60,Master,more than 8,Before 10 PM,Afternoon,No,Yes,Sometimes,Yes,Yes,8,4,Between through street suggest information per.
40,Master,Less than 4,12 AM - 2 AM,Afternoon,No,Yes,Yes,No,Unsure,1,5,Campaign Democrat change claim town.
51,Master,4-6,After 2 AM,Afternoon,Sometimes,No,Sometimes,Sometimes,Yes,9,8,Never number reach health much.
20,Undergraduate,4-6,Before 10 PM,Late Morning,No,Yes,Yes,Sometimes,No,3,1,We mouth cultural much ever free score.
56,Master,4-6,10 PM - 12 AM,Afternoon,Yes,No,Yes,No,Unsure,2,7,Above forward nice with.
57,Master,Less than 4,Before 10 PM,Late Morning,No,Sometimes,No,Yes,No,1,7,Phone catch enjoy kid cell.
41,Master,6-8,10 PM - 12 AM,Late Morning,No,Sometimes,No,Sometimes,Yes,9,3,Senior religious spend tonight either.
29,Master,6-8,10 PM - 12 AM,Morning,Sometimes,Yes,No,Sometimes,Yes,7,7,Recent cut few somebody maintain.
41,Master,Less than 4,10 PM - 12 AM,Late Morning,No,No,Sometimes,Yes,Unsure,1,8,Hospital list side behavior store benefit option approach.
44,Master,Less than 4,10 PM - 12 AM,Afternoon,Yes,Yes,Sometimes,No,Unsure,1,3,Past wide which real war need.
65,Master,more than 8,12 AM - 2 AM,Late Morning,No,No,Sometimes,No,Unsure,10,3,Open dinner question.
19,Intermediate,4-6,12 AM - 2 AM,Afternoon,No,Sometimes,Sometimes,No,No,4,2,Prevent politics I state recently house service actually.
22,Undergraduate,more than 8,Before 10 PM,Morning,No,No,Yes,No,Unsure,5,7,Miss memory someone whom food participant.
31,Master,6-8,Before 10 PM,Late Morning,Sometimes,Sometimes,Sometimes,Sometimes,No,2,8,Student attorney TV call turn.
22,Undergraduate,4-6,12 AM - 2 AM,Late Morning,No,Sometimes,Sometimes,Yes,Unsure,5,7,Scene station by stock.
37,Master,Less than 4,10 PM - 12 AM,Afternoon,Yes,No,Sometimes,Yes,Unsure,9,6,Teacher bank parent put garden.
64,Master,6-8,Before 10 PM,Morning,Yes,Yes,Sometimes,No,No,10,10,Computer know lead trouble eye often yet fly.
51,Master,Less than 4,After 2 AM,Afternoon,Sometimes,Sometimes,No,No,Yes,10,6,Tend control space lot strong ok fight.
57,Master,6-8,Before 10 PM,Morning,No,Sometimes,No,Sometimes,Yes,8,9,Give audience feel available outside close idea.
63,Master,4-6,10 PM - 12 AM,Late Morning,Yes,Sometimes,Yes,Yes,No,6,2,Let western list begin.
32,Master,more than 8,Before 10 PM,Morning,Yes,Yes,Sometimes,Sometimes,Yes,2,3,Analysis hope career.
52,Master,Less than 4,12 AM - 2 AM,Morning,Sometimes,No,Sometimes,Yes,Unsure,6,9,Generation human cost personal cut move performance.
39,Master,more than 8,10 PM - 12 AM,Late Morning,No,Sometimes,Sometimes,Sometimes,No,1,8,Box view no help party claim money.
52,Master,Less than 4,10 PM - 12 AM,Morning,No,No,Yes,Yes,Unsure,6,8,Writer beautiful guy whom certainly price.
35,Master,4-6,12 AM - 2 AM,Late Morning,No,Sometimes,Yes,Sometimes,Unsure,5,5,Mind mother guess doctor enter beautiful responsibility.
56,Master,Less than 4,12 AM - 2 AM,Morning,No,Yes,Sometimes,No,No,2,9,Money these cost sometimes find.
39,Master,4-6,Before 10 PM,Morning,No,No,Sometimes,Yes,Unsure,9,2,Of order become meeting happen.
55,Master,4-6,Before 10 PM,Afternoon,No,Yes,Yes,No,Unsure,4,1,More option father technology exactly.
46,Master,Less than 4,After 2 AM,Afternoon,No,Yes,No,Yes,No,9,6,Fly every late bill television you animal.
29,Master,6-8,10 PM - 12 AM,Afternoon,Yes,Yes,Sometimes,No,Yes,1,5,Boy figure course industry little school.
58,Master,4-6,After 2 AM,Late Morning,Yes,Yes,Yes,No,Unsure,4,7,Agreement help adult room.
18,Intermediate,more than 8,12 AM - 2 AM,Morning,Sometimes,No,Yes,No,No,7,10,Congress information themselves relate produce language election.
21,Undergraduate,more than 8,After 2 AM,Afternoon,Sometimes,Sometimes,Sometimes,No,Yes,5,5,Sign difficult oil become federal.
47,Master,Less than 4,Before 10 PM,Afternoon,No,Sometimes,Sometimes,No,Yes,7,4,Call military person language.
30,Master,more than 8,After 2 AM,Morning,Sometimes,Sometimes,Yes,Sometimes,Unsure,2,8,Knowledge same play join.
47,Master,6-8,12 AM - 2 AM,Afternoon,No,Yes,Yes,Sometimes,Unsure,7,5,Few argue break stock parent hope PM as.
34,Master,6-8,10 PM - 12 AM,Late Morning,Yes,Yes,Yes,Yes,Yes,2,1,News me majority order others per expect.
40,Master,Less than 4,12 AM - 2 AM,Morning,Yes,Yes,No,Sometimes,Yes,7,9,Its because catch card degree friend top.
24,Undergraduate,more than 8,12 AM - 2 AM,Afternoon,Yes,Sometimes,Sometimes,No,No,4,7,Second color significant lose purpose.
26,Graduate,6-8,Before 10 PM,Afternoon,Yes,Sometimes,No,No,Yes,6,4,Blue former boy among into record wide.
18,Intermediate,6-8,12 AM - 2 AM,Morning,Yes,Sometimes,Yes,Yes,Yes,9,5,Travel that respond age court.
61,Master,more than 8,Before 10 PM,Morning,Sometimes,Yes,No,Sometimes,Yes,6,8,Everybody travel crime.
25,Graduate,more than 8,Before 10 PM,Afternoon,Sometimes,Yes,No,Yes,No,5,9,More budget short court I prevent run.
57,Master,6-8,Before 10 PM,Late Morning,Sometimes,Yes,Sometimes,Sometimes,Yes,6,8,Prevent maintain start game people do so.
38,Master,4-6,After 2 AM,Late Morning,Yes,Sometimes,No,Sometimes,No,5,1,Relationship wife central create cut face fine main.
19,Intermediate,6-8,12 AM - 2 AM,Late Morning,Yes,Yes,Sometimes,Yes,Yes,8,9,Real lay personal onto inside rule perhaps.
50,Master,6-8,12 AM - 2 AM,Afternoon,Yes,Sometimes,Sometimes,Sometimes,Yes,2,2,Hospital soldier anything study.
57,Master,Less than 4,After 2 AM,Morning,No,Yes,Sometimes,Yes,No,4,7,Nearly another bar.
27,Master,Less than 4,Before 10 PM,Late Morning,Sometimes,Sometimes,No,Sometimes,Yes,8,5,Establish follow along structure institution to run.
24,Undergraduate,more than 8,Before 10 PM,Morning,Yes,Yes,No,Yes,Yes,3,10,Then father movement hair.
40,Master,4-6,10 PM - 12 AM,Morning,Sometimes,Sometimes,No,Yes,Unsure,7,7,Appear minute worry lose condition watch single.
29,Master,more than 8,Before 10 PM,Morning,Sometimes,Sometimes,Sometimes,No,No,4,7,Shake will medical can author answer.
45,Master,more than 8,12 AM - 2 AM,Morning,Yes,No,Sometimes,No,Unsure,2,7,Thing choice new back.
34,Master,more than 8,12 AM - 2 AM,Afternoon,Sometimes,Sometimes,No,Yes,Unsure,7,4,Popular perhaps hot song.
51,Master,Less than 4,Before 10 PM,Late Morning,Sometimes,Yes,No,Yes,Yes,10,10,Stay catch assume available.
40,Master,Less than 4,After 2 AM,Morning,No,No,Sometimes,Yes,Yes,2,1,Least news believe individual attorney.
27,Master,6-8,10 PM - 12 AM,Afternoon,Sometimes,No,Sometimes,Yes,Unsure,4,1,Identify instead strategy young deal fish sense.
24,Undergraduate,more than 8,Before 10 PM,Morning,Sometimes,Sometimes,Sometimes,Sometimes,No,8,8,Instead him democratic give mother best.
42,Master,more than 8,12 AM - 2 AM,Morning,Sometimes,No,Sometimes,Yes,Unsure,2,5,Floor effort wall size score.
46,Master,4-6,10 PM - 12 AM,Afternoon,Yes,Sometimes,Sometimes,No,Yes,3,8,Your song career customer prepare evidence education.
55,Master,Less than 4,After 2 AM,Morning,Sometimes,No,Yes,Yes,Unsure,4,4,Build account tree growth rich another performance.
42,Master,6-8,Before 10 PM,Afternoon,No,Yes,Sometimes,No,Yes,8,4,Maybe always pattern in.
26,Graduate,more than 8,10 PM - 12 AM,Afternoon,Sometimes,No,No,No,No,3,9,Professional must whose education hope play bring end.
34,Master,more than 8,12 AM - 2 AM,Late Morning,Sometimes,Yes,No,Yes,Unsure,7,6,Bring son attack happy although.
42,Master,6-8,12 AM - 2 AM,Afternoon,No,Yes,Sometimes,No,No,9,10,Over have very these.
18,Intermediate,more than 8,Before 10 PM,Late Morning,Sometimes,No,Yes,No,No,8,6,Detail security middle.
51,Master,6-8,10 PM - 12 AM,Late Morning,Yes,Yes,Sometimes,Yes,Yes,9,5,Fine attorney nature always pretty return month statement.
30,Master,6-8,After 2 AM,Morning,Sometimes,No,Yes,Yes,No,6,10,Such majority help.
31,Master,4-6,12 AM - 2 AM,Morning,No,No,Sometimes,No,Yes,3,5,Article time old PM even.
44,Master,4-6,Before 10 PM,Morning,Sometimes,Sometimes,No,Sometimes,Unsure,3,6,Official environmental thank why response yeah magazine.
45,Master,4-6,Before 10 PM,Late Morning,Sometimes,Yes,No,No,Unsure,9,1,Nor much computer anyone region.
37,Master,Less than 4,Before 10 PM,Morning,Sometimes,Sometimes,Yes,Sometimes,Unsure,1,8,Poor party inside enjoy send company.
61,Master,6-8,After 2 AM,Late Morning,No,No,No,Yes,Yes,4,9,Development tend college treat national hold.
45,Master,6-8,10 PM - 12 AM,Afternoon,Sometimes,No,No,No,Yes,3,1,Environment without full foot current.
38,Master,4-6,12 AM - 2 AM,Morning,Sometimes,No,No,Yes,Yes,1,6,Every benefit these writer show top.
34,Master,4-6,After 2 AM,Morning,No,Yes,No,No,Yes,8,3,Push reflect television network.
41,Master,6-8,Before 10 PM,Late Morning,Sometimes,Yes,No,Yes,No,4,8,Degree mother else while only garden imagine.
25,Graduate,4-6,12 AM - 2 AM,Late Morning,Yes,No,Sometimes,Sometimes,Yes,5,4,Culture available thank hand report.
43,Master,6-8,12 AM - 2 AM,Late Morning,No,No,Yes,No,Unsure,9,10,Main rest affect.
43,Master,6-8,After 2 AM,Late Morning,No,No,Sometimes,Sometimes,No,7,4,Determine peace single feeling want six catch.
34,Master,6-8,10 PM - 12 AM,Morning,Yes,Sometimes,No,Yes,Yes,2,8,Couple have stuff own work.
44,Master,4-6,10 PM - 12 AM,Late Morning,No,Sometimes,Yes,No,Yes,2,9,Month court both sign.
56,Master,6-8,Before 10 PM,Morning,Yes,No,No,No,Yes,3,7,Mention majority person culture.
61,Master,6-8,10 PM - 12 AM,Morning,Yes,No,Yes,Sometimes,Yes,4,3,Foot can traditional yeah.
19,Intermediate,Less than 4,10 PM - 12 AM,Morning,Sometimes,No,No,Sometimes,No,7,3,Rich maintain simply.
39,Master,6-8,10 PM - 12 AM,Afternoon,No,No,Sometimes,No,Yes,8,7,Trial task change area data.
43,Master,Less than 4,Before 10 PM,Morning,No,Yes,Sometimes,Yes,No,2,5,It bill around need those final mission.
38,Master,4-6,10 PM - 12 AM,Afternoon,Yes,No,No,Yes,Yes,8,2,Seek determine wife.
51,Master,more than 8,10 PM - 12 AM,Late Morning,Yes,Yes,No,Yes,Yes,3,4,Employee party bag actually know industry.
33,Master,Less than 4,12 AM - 2 AM,Morning,No,Sometimes,Sometimes,No,Unsure,2,4,Way enjoy learn source run.
52,Master,4-6,10 PM - 12 AM,Afternoon,Sometimes,No,Sometimes,No,Unsure,1,9,Employee occur into station true myself field.
25,Graduate,Less than 4,After 2 AM,Afternoon,No,No,No,No,No,1,2,Across machine father.
45,Master,4-6,After 2 AM,Late Morning,Yes,Yes,Yes,Sometimes,No,2,9,Generation question apply attention ok performance pattern.
21,Undergraduate,Less than 4,Before 10 PM,Late Morning,No,Yes,Sometimes,No,Yes,6,3,Blue already should it turn region.
63,Master,6-8,After 2 AM,Morning,No,Yes,Yes,Yes,Yes,7,9,Growth degree indicate character rise order ask.
42,Master,6-8,10 PM - 12 AM,Late Morning,No,Sometimes,Yes,Yes,No,4,3,Group professor picture learn.
48,Master,4-6,10 PM - 12 AM,Afternoon,Sometimes,Sometimes,Yes,Yes,No,2,8,Whole south PM cell air.
49,Master,Less than 4,10 PM - 12 AM,Morning,Yes,Sometimes,Yes,Yes,Yes,3,5,Difference outside across wall should floor trial.
52,Master,6-8,12 AM - 2 AM,Late Morning,Yes,Yes,Yes,No,Yes,4,1,Range last finally country administration federal than.
52,Master,Less than 4,After 2 AM,Late Morning,Sometimes,Sometimes,No,Yes,Yes,1,2,Attention country rich generation.
44,Master,Less than 4,After 2 AM,Late Morning,No,No,Sometimes,Yes,No,4,2,Bag save society future.
64,Master,Less than 4,After 2 AM,Late Morning,No,Sometimes,Sometimes,Yes,Unsure,4,1,Brother pull firm.
42,Master,6-8,Before 10 PM,Afternoon,Sometimes,Sometimes,Yes,Yes,Yes,2,1,Seven social national three happen green.
31,Master,6-8,Before 10 PM,Afternoon,Yes,Yes,Yes,No,Yes,6,7,Occur peace couple dog growth become community.
42,Master,4-6,12 AM - 2 AM,Late Morning,Sometimes,Yes,No,Sometimes,No,1,1,At phone range recent beat race wife.
49,Master,more than 8,After 2 AM,Late Morning,Sometimes,Yes,No,Sometimes,Unsure,10,5,Hair morning five military.
22,Undergraduate,Less than 4,Before 10 PM,Afternoon,Yes,No,Yes,No,Unsure,3,10,Result third country tell economic police sort.
43,Master,Less than 4,12 AM - 2 AM,Morning,Yes,Yes,No,Sometimes,Unsure,4,7,Understand and experience good less.
64,Master,4-6,Before 10 PM,Afternoon,Yes,Sometimes,Yes,Yes,Yes,10,2,Group baby very skill science production.
37,Master,Less than 4,12 AM - 2 AM,Late Morning,No,Yes,Yes,No,Unsure,2,3,Until ok nor view.
25,Graduate,6-8,10 PM - 12 AM,Afternoon,Yes,No,No,No,Unsure,7,7,Sit husband back type able evening hospital.
33,Master,4-6,Before 10 PM,Morning,No,Yes,No,No,No,5,10,Start draw knowledge professional many arrive various but.
62,Master,Less than 4,Before 10 PM,Afternoon,Sometimes,Sometimes,Sometimes,No,Yes,3,2,Imagine during success order.
46,Master,6-8,12 AM - 2 AM,Morning,Yes,Yes,Yes,Sometimes,Unsure,10,4,Different be through arrive water.
59,Master,6-8,After 2 AM,Afternoon,Sometimes,Yes,No,Yes,Unsure,5,4,Prove early always every unit his join customer.
55,Master,more than 8,10 PM - 12 AM,Late Morning,Yes,No,No,Sometimes,Unsure,4,3,When official box ten foot instead.
21,Undergraduate,4-6,12 AM - 2 AM,Late Morning,Yes,Yes,Sometimes,No,Yes,9,3,Training employee hand must think identify.
46,Master,Less than 4,10 PM - 12 AM,Morning,Yes,Yes,Yes,No,Yes,8,7,Country rock fast oil participant can spring.
31,Master,6-8,12 AM - 2 AM,Morning,Sometimes,Yes,Yes,Sometimes,No,10,10,Discussion early collection local break explain property.
34,Master,4-6,10 PM - 12 AM,Afternoon,No,No,No,No,No,2,9,Business turn seven area laugh.
34,Master,Less than 4,After 2 AM,Afternoon,Yes,Sometimes,Yes,No,Unsure,9,7,Vote major near reach support industry.
38,Master,more than 8,10 PM - 12 AM,Late Morning,No,Yes,Sometimes,Sometimes,Unsure,9,5,Plant bar chance easy.
29,Master,Less than 4,12 AM - 2 AM,Afternoon,Yes,Yes,Sometimes,Yes,No,9,1,Above former together.
33,Master,Less than 4,10 PM - 12 AM,Late Morning,Sometimes,Sometimes,Sometimes,No,Yes,4,1,Since general population back.
51,Master,6-8,10 PM - 12 AM,Late Morning,No,Yes,Sometimes,Yes,Unsure,1,2,Ready foreign society public about fast she company.
18,Intermediate,6-8,10 PM - 12 AM,Late Morning,Yes,Yes,Yes,Sometimes,Unsure,9,4,Message hold chance apply claim almost feeling.
34,Master,more than 8,Before 10 PM,Morning,Yes,Sometimes,Yes,Sometimes,No,9,6,Term successful so structure consider race.
39,Master,Less than 4,12 AM - 2 AM,Morning,Sometimes,Yes,Sometimes,Yes,Yes,3,4,Animal education station suddenly bar.
26,Graduate,more than 8,12 AM - 2 AM,Late Morning,Sometimes,Sometimes,No,Sometimes,No,10,3,Improve develop our dark senior rich enter property.
40,Master,Less than 4,10 PM - 12 AM,Late Morning,No,Sometimes,No,Sometimes,Unsure,7,10,Night writer scene believe officer.
26,Graduate,Less than 4,After 2 AM,Late Morning,Yes,Sometimes,No,No,No,10,4,Least citizen control result environment.
47,Master,more than 8,After 2 AM,Morning,Sometimes,No,No,Yes,Yes,2,2,Model with friend build.
37,Master,more than 8,Before 10 PM,Afternoon,No,Yes,Yes,No,Unsure,2,1,Nation player point section want it collection.
37,Master,more than 8,10 PM - 12 AM,Morning,No,Sometimes,No,No,Unsure,8,3,Start apply past whether mouth figure.
20,Undergraduate,more than 8,10 PM - 12 AM,Morning,Sometimes,Yes,No,Sometimes,Unsure,7,5,Main authority own loss send.
54,Master,more than 8,12 AM - 2 AM,Afternoon,Yes,Sometimes,No,No,Unsure,2,9,Ball early red game understand hotel.
39,Master,Less than 4,After 2 AM,Morning,Sometimes,Sometimes,Yes,Sometimes,Yes,5,10,Find together study usually.
29,Master,more than 8,Before 10 PM,Late Morning,No,No,Sometimes,Yes,No,1,1,Science community everyone everyone rise rich to too.
49,Master,more than 8,After 2 AM,Afternoon,No,No,Yes,No,No,1,1,Worker community than they herself bad.
18,Intermediate,6-8,After 2 AM,Morning,Yes,Yes,Sometimes,Yes,Unsure,8,10,That trial money character skin among not bill.
26,Graduate,4-6,After 2 AM,Morning,Sometimes,No,No,Sometimes,Yes,6,2,Scientist investment deep education budget.
20,Undergraduate,4-6,Before 10 PM,Morning,Yes,Yes,No,No,Yes,4,6,Recently them forget guy land.
22,Undergraduate,4-6,10 PM - 12 AM,Morning,No,No,Yes,No,Yes,6,1,Sister as behavior.
19,Intermediate,Less than 4,12 AM - 2 AM,Afternoon,No,No,No,No,No,3,2,Firm those above remain.
27,Master,Less than 4,12 AM - 2 AM,Late Morning,Sometimes,Sometimes,Yes,Yes,Yes,9,2,Might stay simply than around process.
59,Master,4-6,Before 10 PM,Late Morning,Sometimes,No,Yes,Yes,No,10,9,Thus space entire religious.
41,Master,Less than 4,Before 10 PM,Afternoon,Yes,No,Yes,Sometimes,Yes,1,9,Member talk situation.
63,Master,more than 8,After 2 AM,Late Morning,Sometimes,Sometimes,No,Sometimes,Yes,9,5,Recent concern industry interest.
25,Graduate,6-8,12 AM - 2 AM,Late Morning,No,Yes,Sometimes,Sometimes,Unsure,10,5,Choice month attention care.
23,Undergraduate,4-6,After 2 AM,Afternoon,Sometimes,No,No,Yes,Yes,4,3,Day understand may someone list last out.
59,Master,Less than 4,12 AM - 2 AM,Late Morning,Yes,Sometimes,Yes,Sometimes,Yes,2,6,Dog despite marriage.
60,Master,4-6,After 2 AM,Late Morning,Sometimes,Sometimes,No,Sometimes,No,8,8,Expect say wear population actually.
31,Master,Less than 4,12 AM - 2 AM,Late Morning,Yes,Yes,Yes,No,Unsure,4,8,Exactly drive five wish improve.
25,Graduate,Less than 4,After 2 AM,Late Morning,Yes,No,Sometimes,No,Unsure,1,3,Race dog family a yes race walk.
58,Master,more than 8,Before 10 PM,Morning,No,Yes,Sometimes,Yes,No,4,10,Have financial prove be move dinner vote.
36,Master,6-8,Before 10 PM,Morning,No,No,Yes,Sometimes,No,5,6,Town personal serve garden science everyone mother.
48,Master,Less than 4,12 AM - 2 AM,Late Morning,Yes,Yes,Sometimes,Yes,Unsure,4,1,Budget shake share hear make wife owner.
57,Master,6-8,10 PM - 12 AM,Morning,Sometimes,No,Sometimes,Sometimes,No,7,7,Decade expect assume new.
32,Master,Less than 4,12 AM - 2 AM,Afternoon,Yes,Sometimes,Yes,No,Yes,7,8,Soon hand until direction create seat.
56,Master,6-8,12 AM - 2 AM,Afternoon,No,No,Yes,Yes,Unsure,2,9,Stand phone term cover away move happy.
38,Master,6-8,10 PM - 12 AM,Morning,Yes,No,No,Sometimes,No,10,8,Own rise company reveal up join general.
28,Master,6-8,10 PM - 12 AM,Morning,Sometimes,Sometimes,Yes,Yes,Unsure,1,8,See third indeed return every Democrat front.
22,Undergraduate,4-6,After 2 AM,Afternoon,Yes,Yes,No,No,No,4,7,Police western environment.
28,Master,4-6,12 AM - 2 AM,Afternoon,Yes,Sometimes,Yes,Yes,Yes,4,2,Choose culture right yourself result.
58,Master,more than 8,After 2 AM,Morning,Sometimes,Yes,No,No,No,9,1,Money quickly government instead stock within.
61,Master,4-6,After 2 AM,Afternoon,Yes,No,No,Yes,Yes,8,5,Significant degree front wear yeah.
50,Master,Less than 4,10 PM - 12 AM,Afternoon,Sometimes,Yes,Yes,Sometimes,Yes,4,10,Movie service order worker much to adult.
54,Master,Less than 4,After 2 AM,Late Morning,No,Yes,Yes,Yes,No,1,9,Short himself up reflect.
40,Master,6-8,12 AM - 2 AM,Late Morning,Yes,Yes,Yes,No,Yes,2,3,Development order trouble common history.
44,Master,more than 8,Before 10 PM,Afternoon,Sometimes,Yes,Sometimes,Sometimes,Unsure,8,9,Pick thousand guess strategy history network never.
34,Master,Less than 4,After 2 AM,Morning,Sometimes,Yes,Sometimes,No,No,10,10,Treat sense drop knowledge blood audience community place.
39,Master,more than 8,After 2 AM,Morning,Sometimes,No,Yes,No,Yes,6,9,House business class move statement coach.
53,Master,6-8,12 AM - 2 AM,Morning,No,No,Sometimes,Sometimes,Yes,9,6,Picture actually perform statement.
21,Undergraduate,6-8,After 2 AM,Afternoon,No,Yes,No,Yes,Yes,3,10,Player though ground dog between speech.
46,Master,Less than 4,After 2 AM,Afternoon,No,No,No,Yes,Yes,7,1,Sure team clear house modern six let start.
63,Master,4-6,10 PM - 12 AM,Afternoon,No,Sometimes,Sometimes,Sometimes,Yes,10,5,Quite color do position effort.
25,Graduate,more than 8,12 AM - 2 AM,Late Morning,No,No,Yes,Yes,Unsure,1,8,Reduce partner cut concern.
56,Master,4-6,12 AM - 2 AM,Afternoon,Sometimes,Yes,No,No,Unsure,6,7,Up hope heavy none deep policy.
38,Master,4-6,10 PM - 12 AM,Afternoon,Sometimes,Yes,No,Sometimes,Unsure,7,5,Bar necessary organization training.
39,Master,4-6,Before 10 PM,Late Morning,Yes,No,Yes,Sometimes,Unsure,8,4,American big fight treat rule teacher.
56,Master,more than 8,12 AM - 2 AM,Afternoon,No,Yes,Sometimes,No,Unsure,6,9,On easy lawyer test send their.
61,Master,4-6,Before 10 PM,Late Morning,Sometimes,Yes,Sometimes,Yes,Yes,6,6,Compare director always.
49,Master,4-6,10 PM - 12 AM,Afternoon,Yes,No,Yes,Yes,Yes,2,8,Break west guy word reality my.
50,Master,Less than 4,Before 10 PM,Morning,Yes,Sometimes,Yes,Yes,No,6,3,Deep to better Republican.
20,Undergraduate,4-6,Before 10 PM,Late Morning,Sometimes,No,No,Yes,No,3,10,Resource local white.
52,Master,Less than 4,12 AM - 2 AM,Afternoon,Sometimes,Sometimes,No,Sometimes,Unsure,2,1,Wear vote wind daughter foot.
21,Undergraduate,4-6,Before 10 PM,Late Morning,No,Sometimes,Sometimes,Yes,Unsure,9,6,Authority use step charge tough operation.
57,Master,Less than 4,After 2 AM,Afternoon,Sometimes,No,No,No,No,1,7,Herself range least suddenly debate defense term.
19,Intermediate,more than 8,Before 10 PM,Late Morning,Yes,No,No,Sometimes,No,5,4,Focus past necessary hand.
30,Master,4-6,12 AM - 2 AM,Morning,Sometimes,No,Sometimes,Yes,Yes,5,7,Pay nice appear situation century.
35,Master,6-8,Before 10 PM,Late Morning,Sometimes,No,No,No,Yes,3,1,Each result way value teach yourself.
56,Master,6-8,12 AM - 2 AM,Afternoon,Sometimes,Sometimes,Sometimes,No,Unsure,2,7,Full knowledge station room.
58,Master,4-6,12 AM - 2 AM,Morning,Yes,Yes,No,No,Yes,1,3,Treat gun international alone step.
58,Master,more than 8,Before 10 PM,Afternoon,Yes,Sometimes,Yes,No,Yes,3,5,Nature scientist table task feel body.
50,Master,6-8,10 PM - 12 AM,Late Morning,Sometimes,Yes,No,No,Unsure,2,3,Lot vote admit them fund writer.
44,Master,4-6,After 2 AM,Morning,Sometimes,Sometimes,Yes,Yes,No,4,3,Less control offer oil article explain.
36,Master,6-8,Before 10 PM,Late Morning,Sometimes,No,No,Sometimes,Yes,6,10,Street local both.
57,Master,more than 8,10 PM - 12 AM,Morning,No,Yes,No,Sometimes,No,6,3,Among trouble president quickly arm individual respond paper.
33,Master,Less than 4,After 2 AM,Late Morning,Sometimes,No,Yes,No,Yes,3,4,Perhaps teach call family two account.
53,Master,more than 8,10 PM - 12 AM,Afternoon,Yes,Yes,Yes,No,No,3,10,Agree loss world behind after question office box.
65,Master,Less than 4,10 PM - 12 AM,Afternoon,Sometimes,Sometimes,Yes,No,Yes,7,10,Realize check letter.
45,Master,6-8,10 PM - 12 AM,Afternoon,Sometimes,No,Yes,No,Yes,1,3,Rise investment deep bill among environmental happy.
24,Undergraduate,Less than 4,Before 10 PM,Late Morning,No,No,Sometimes,Yes,Unsure,1,10,Among whatever admit process because morning.
52,Master,6-8,12 AM - 2 AM,Morning,No,Sometimes,No,Sometimes,Unsure,2,4,Less fly prepare tend avoid line.
58,Master,4-6,12 AM - 2 AM,Morning,Sometimes,Sometimes,Sometimes,Sometimes,Unsure,1,9,To case seek trial science suffer.
42,Master,6-8,After 2 AM,Afternoon,No,No,No,No,No,4,9,Page could shoulder quite.
31,Master,6-8,Before 10 PM,Afternoon,No,Sometimes,Sometimes,Sometimes,Yes,3,6,Keep current on billion foot others citizen.
27,Master,6-8,Before 10 PM,Late Morning,No,No,Sometimes,No,Yes,6,10,Though might guy reflect.
21,Undergraduate,more than 8,Before 10 PM,Afternoon,No,Sometimes,No,Sometimes,Yes,10,5,Toward actually think population consider.
33,Master,4-6,Before 10 PM,Afternoon,Sometimes,Yes,Sometimes,No,No,3,7,Contain standard together suddenly.
58,Master,more than 8,10 PM - 12 AM,Afternoon,Yes,Sometimes,Sometimes,No,No,6,7,Treatment similar ahead so rule beyond on.
58,Master,4-6,After 2 AM,Afternoon,Yes,Yes,No,Sometimes,Unsure,1,4,Size station forward thing.
51,Master,6-8,12 AM - 2 AM,Morning,Sometimes,Sometimes,Yes,Sometimes,No,6,4,Threat seven bill physical wear.
60,Master,6-8,10 PM - 12 AM,Late Morning,Yes,Yes,No,Yes,No,1,7,Discover prevent about wish program power.
56,Master,Less than 4,Before 10 PM,Afternoon,Yes,Sometimes,Yes,Sometimes,Unsure,10,3,Alone specific this statement.
60,Master,4-6,Before 10 PM,Morning,Sometimes,Sometimes,Yes,Sometimes,Unsure,10,4,Art plant who eye trouble.
61,Master,4-6,10 PM - 12 AM,Late Morning,No,Sometimes,Sometimes,No,No,9,8,Six yourself bed dinner beat just large.
65,Master,6-8,12 AM - 2 AM,Morning,Sometimes,No,Yes,Yes,Yes,3,9,Available end firm five eat.
29,Master,more than 8,12 AM - 2 AM,Afternoon,No,Yes,No,Yes,Yes,8,10,Lose hospital heart.
49,Master,6-8,Before 10 PM,Morning,No,No,Yes,Yes,Unsure,5,5,Indeed yes remember in able yes sing.
22,Undergraduate,more than 8,12 AM - 2 AM,Morning,Yes,No,Sometimes,No,No,6,7,Discover officer treatment.
49,Master,Less than 4,12 AM - 2 AM,Late Morning,Sometimes,Yes,No,Yes,No,9,2,Wide matter past place poor similar.
55,Master,Less than 4,10 PM - 12 AM,Morning,Sometimes,No,No,Sometimes,Unsure,4,5,Sister five teacher.
23,Undergraduate,Less than 4,10 PM - 12 AM,Afternoon,Yes,Yes,No,Yes,No,4,4,Entire especially car ability color voice artist.
36,Master,6-8,12 AM - 2 AM,Afternoon,Sometimes,Sometimes,Sometimes,Yes,Yes,8,4,Most contain source simple.
64,Master,6-8,12 AM - 2 AM,Morning,No,Yes,Sometimes,Yes,No,8,10,Third career day cover available player.
36,Master,4-6,12 AM - 2 AM,Late Morning,Sometimes,Sometimes,Sometimes,Sometimes,Unsure,9,6,Between theory event face country evidence few.
52,Master,4-6,10 PM - 12 AM,Late Morning,Yes,No,Sometimes,Yes,Unsure,7,3,Debate Mr the perform spend large.
45,Master,6-8,12 AM - 2 AM,Morning,No,Yes,Sometimes,Yes,No,2,9,Outside name top.
49,Master,4-6,After 2 AM,Afternoon,No,Sometimes,Yes,Sometimes,Yes,5,8,Glass forward scientist rather American order power.
37,Master,6-8,10 PM - 12 AM,Late Morning,Sometimes,No,Sometimes,No,No,6,4,Wish girl democratic beat those citizen my for.
55,Master,more than 8,After 2 AM,Late Morning,Sometimes,Yes,Yes,No,No,9,1,Receive public leave person without newspaper number among.
52,Master,more than 8,After 2 AM,Morning,No,No,Yes,Sometimes,Yes,6,6,Ever season term traditional million good government.
19,Intermediate,4-6,10 PM - 12 AM,Morning,Sometimes,Sometimes,Sometimes,Sometimes,No,5,10,Process statement character best boy anyone charge.
55,Master,4-6,Before 10 PM,Morning,No,No,No,No,Unsure,5,8,Attention stage enjoy these stock scene team.
29,Master,Less than 4,10 PM - 12 AM,Late Morning,No,Yes,No,Sometimes,No,2,9,Best image customer follow create.
53,Master,4-6,12 AM - 2 AM,Morning,No,Sometimes,Yes,No,No,4,9,Hand any test now.
30,Master,4-6,Before 10 PM,Morning,Sometimes,Yes,Yes,No,Yes,7,5,Rather task various music must beat.
52,Master,more than 8,12 AM - 2 AM,Morning,Yes,Sometimes,No,Yes,Yes,2,6,Anyone both poor clear at scientist number.
64,Master,more than 8,After 2 AM,Morning,Yes,Yes,Yes,No,Yes,9,4,Same southern partner.
52,Master,4-6,Before 10 PM,Afternoon,Yes,Yes,Yes,Sometimes,Yes,7,6,Goal week clear join.
22,Undergraduate,more than 8,Before 10 PM,Afternoon,Sometimes,Sometimes,Sometimes,No,Yes,7,1,Argue truth nothing never could.
24,Undergraduate,Less than 4,Before 10 PM,Morning,No,No,No,Yes,Yes,3,9,Least blue rather law head government.
37,Master,4-6,After 2 AM,Morning,No,No,No,Yes,Yes,3,1,Page north lot operation receive agency.
23,Undergraduate,6-8,Before 10 PM,Afternoon,No,Sometimes,No,Yes,Unsure,6,1,Build itself television majority over though.
27,Master,more than 8,Before 10 PM,Afternoon,No,Sometimes,Yes,Yes,Yes,5,3,Education pass Republican ever.
21,Undergraduate,more than 8,After 2 AM,Morning,No,Yes,No,Yes,No,8,2,At change experience project.
58,Master,4-6,Before 10 PM,Morning,Yes,Sometimes,Yes,Sometimes,Unsure,9,1,Task ball teach poor effort commercial son.
24,Undergraduate,6-8,12 AM - 2 AM,Afternoon,Yes,Sometimes,Sometimes,Yes,Unsure,7,6,Tree read unit same plant.
55,Master,4-6,12 AM - 2 AM,Morning,Yes,Sometimes,Sometimes,Yes,Unsure,5,3,Let part catch political.
42,Master,Less than 4,Before 10 PM,Morning,Sometimes,Sometimes,Yes,Yes,Unsure,6,1,Believe move analysis she address a magazine.
24,Undergraduate,4-6,10 PM - 12 AM,Morning,Sometimes,Yes,Sometimes,Yes,Unsure,9,8,Politics drug store dark fast music pick.
34,Master,Less than 4,10 PM - 12 AM,Afternoon,Yes,Sometimes,Sometimes,Yes,Unsure,2,2,Purpose special edge practice bed method.
30,Master,more than 8,After 2 AM,Morning,Yes,Sometimes,Sometimes,No,Yes,8,8,Yet again glass water.
20,Undergraduate,6-8,After 2 AM,Late Morning,Yes,Yes,Yes,Sometimes,Yes,8,9,Direction think compare would appear break.
60,Master,Less than 4,After 2 AM,Afternoon,No,No,Sometimes,No,Unsure,3,1,Water marriage simply try mean bar piece.
59,Master,4-6,12 AM - 2 AM,Morning,Sometimes,No,Sometimes,Sometimes,Unsure,8,7,Have throughout need.
38,Master,Less than 4,Before 10 PM,Morning,Yes,Yes,Yes,Sometimes,No,9,9,Career chair pattern gun get election billion.
56,Master,4-6,12 AM - 2 AM,Afternoon,Yes,No,No,Sometimes,Yes,10,9,Feel collection be future her.
23,Undergraduate,Less than 4,10 PM - 12 AM,Morning,Yes,Sometimes,No,Sometimes,Yes,5,3,Its discussion win here mention election sound.
49,Master,4-6,After 2 AM,Afternoon,Yes,Yes,Sometimes,Sometimes,Yes,6,6,Get sister entire often.
24,Undergraduate,6-8,12 AM - 2 AM,Afternoon,Sometimes,No,Sometimes,Yes,Yes,3,3,Easy mean fight instead world.
29,Master,more than 8,After 2 AM,Late Morning,Yes,No,Yes,No,Unsure,4,5,Important guess lay interest market right.
63,Master,more than 8,Before 10 PM,Afternoon,Sometimes,Sometimes,Yes,Yes,No,1,5,Concern product provide amount forward benefit care.
26,Graduate,6-8,12 AM - 2 AM,Morning,Sometimes,Sometimes,Sometimes,Yes,No,2,5,Trouble us ok.
18,Intermediate,Less than 4,12 AM - 2 AM,Afternoon,Sometimes,No,No,Sometimes,Unsure,4,9,Theory yeah positive reduce piece.
56,Master,4-6,12 AM - 2 AM,Morning,No,Sometimes,Yes,Sometimes,Unsure,3,6,Hot red stock pay letter continue.
34,Master,4-6,12 AM - 2 AM,Morning,Yes,Sometimes,Sometimes,No,Yes,5,2,Yourself party forward perform.
47,Master,4-6,10 PM - 12 AM,Morning,No,Sometimes,No,Yes,Yes,9,6,Sort analysis keep represent blue long.
29,Master,Less than 4,Before 10 PM,Afternoon,Sometimes,No,Yes,No,No,6,1,Itself find sometimes institution.
23,Undergraduate,4-6,Before 10 PM,Morning,No,Sometimes,Sometimes,No,No,9,1,Region raise world occur before night.
46,Master,6-8,After 2 AM,Late Morning,Sometimes,Yes,No,No,Unsure,9,8,West wind list particularly history.
44,Master,4-6,12 AM - 2 AM,Morning,Yes,Yes,Sometimes,Sometimes,Yes,8,4,Economic reason wrong dark share key.
26,Graduate,Less than 4,After 2 AM,Morning,No,Sometimes,No,Sometimes,No,2,4,Feeling of majority area sister.
50,Master,6-8,10 PM - 12 AM,Afternoon,Sometimes,Sometimes,Yes,Sometimes,Yes,5,4,Whom approach one film risk.
52,Master,4-6,12 AM - 2 AM,Afternoon,No,Yes,Yes,Sometimes,No,7,10,Guess skin look.
60,Master,more than 8,10 PM - 12 AM,Morning,Sometimes,No,Yes,Yes,Unsure,5,5,Use significant collection.
37,Master,6-8,12 AM - 2 AM,Afternoon,No,Yes,Yes,Yes,Yes,6,10,Guess near like who.
63,Master,4-6,Before 10 PM,Late Morning,Yes,Yes,No,Sometimes,Yes,2,9,Federal look where relate expect.
33,Master,4-6,After 2 AM,Late Morning,No,Yes,No,Sometimes,Unsure,10,7,Another fall perhaps work yard role simple.
23,Undergraduate,Less than 4,Before 10 PM,Afternoon,Sometimes,Sometimes,No,No,Yes,9,10,Force left market degree.
65,Master,Less than 4,10 PM - 12 AM,Late Morning,No,Yes,Yes,Yes,Yes,4,3,System deep writer paper including policy force.
25,Graduate,Less than 4,After 2 AM,Afternoon,No,Yes,No,No,No,7,10,Property increase protect work defense remain.
23,Undergraduate,Less than 4,12 AM - 2 AM,Afternoon,No,No,No,Yes,No,3,9,Right several quality goal world this seek.
45,Master,more than 8,After 2 AM,Morning,Yes,No,No,Sometimes,Unsure,7,5,Money direction through choice pay off.
64,Master,4-6,Before 10 PM,Afternoon,No,Yes,Yes,No,Unsure,8,1,Even movie key.
33,Master,Less than 4,10 PM - 12 AM,Morning,Sometimes,No,Yes,Sometimes,Unsure,8,8,Than close will what responsibility husband report.
52,Master,4-6,Before 10 PM,Morning,Yes,Sometimes,Yes,Yes,Yes,6,3,Station level partner level TV.
55,Master,4-6,12 AM - 2 AM,Afternoon,No,No,Sometimes,Yes,Unsure,5,2,Major five serve.
36,Master,more than 8,After 2 AM,Afternoon,No,No,No,Sometimes,Yes,3,4,Site old daughter start ability.
21,Undergraduate,6-8,12 AM - 2 AM,Afternoon,Sometimes,Sometimes,Yes,No,No,4,4,Pretty floor industry while data.
38,Master,6-8,12 AM - 2 AM,Morning,Yes,Sometimes,No,No,No,7,8,Business dinner think.
34,Master,4-6,After 2 AM,Afternoon,No,Yes,Yes,No,Yes,3,9,Better present station executive leg.
42,Master,4-6,10 PM - 12 AM,Morning,Sometimes,Sometimes,No,Yes,Yes,6,9,Letter half sing result husband then.
20,Undergraduate,more than 8,10 PM - 12 AM,Afternoon,Sometimes,No,Yes,No,Unsure,9,1,Enjoy garden price try.
44,Master,Less than 4,After 2 AM,Afternoon,Sometimes,Sometimes,No,Yes,Yes,5,1,Skill religious agency fine run decide investment.
62,Master,Less than 4,10 PM - 12 AM,Morning,No,Sometimes,Yes,No,Yes,3,10,Series serve every point book stay these other.
33,Master,Less than 4,After 2 AM,Late Morning,Yes,Sometimes,No,Yes,No,8,3,Window than build pass employee sound seven.
56,Master,6-8,10 PM - 12 AM,Late Morning,No,Sometimes,No,Sometimes,No,8,7,Within single reduce manage phone.
32,Master,Less than 4,Before 10 PM,Morning,Sometimes,Yes,Yes,Yes,Yes,9,8,Lay town you recent eight poor pattern.
59,Master,Less than 4,Before 10 PM,Late Morning,Yes,No,No,Yes,Unsure,3,2,Approach situation energy fine song exactly.
29,Master,6-8,12 AM - 2 AM,Afternoon,Sometimes,Sometimes,Yes,Yes,No,5,4,Help front themselves two.
24,Undergraduate,Less than 4,12 AM - 2 AM,Afternoon,No,Yes,No,Sometimes,Yes,2,1,President either more.
21,Undergraduate,6-8,12 AM - 2 AM,Afternoon,Yes,No,No,No,Yes,4,2,Night lot its.
20,Undergraduate,more than 8,10 PM - 12 AM,Late Morning,Sometimes,Yes,Sometimes,Yes,No,7,8,Each call citizen different.
36,Master,4-6,Before 10 PM,Morning,Yes,Yes,Sometimes,Yes,Yes,3,2,Discuss daughter analysis argue avoid this direction.
21,Undergraduate,Less than 4,Before 10 PM,Late Morning,Yes,Sometimes,Yes,Sometimes,Yes,5,3,Statement technology head day discover hair hold.
36,Master,more than 8,Before 10 PM,Late Morning,No,No,No,No,Yes,6,5,Discussion institution during sport group particularly.
28,Master,4-6,After 2 AM,Late Morning,No,Sometimes,No,No,Unsure,9,7,Test pick news page responsibility many.
62,Master,more than 8,After 2 AM,Afternoon,Sometimes,No,Yes,Yes,Yes,5,8,Finally sister catch whether.
26,Graduate,more than 8,After 2 AM,Afternoon,No,Yes,Yes,Yes,Unsure,4,10,Give central choice by bill Democrat low see.
52,Master,6-8,12 AM - 2 AM,Afternoon,No,Yes,Yes,Sometimes,Yes,1,2,Explain possible cultural treatment.
45,Master,more than 8,Before 10 PM,Late Morning,Sometimes,Yes,Yes,No,Yes,7,8,Myself let himself thousand out day president.
36,Master,4-6,12 AM - 2 AM,Late Morning,Yes,No,No,Sometimes,No,5,3,Where source soon dog among.
64,Master,more than 8,Before 10 PM,Late Morning,Yes,No,Yes,No,Unsure,3,10,Face floor food size thank.
46,Master,more than 8,Before 10 PM,Afternoon,Yes,Sometimes,Yes,Sometimes,No,4,5,Language because however serious including who bank.
52,Master,4-6,Before 10 PM,Late Morning,Yes,No,No,No,Yes,7,6,Benefit probably art month fish.
45,Master,4-6,Before 10 PM,Afternoon,No,Sometimes,Sometimes,No,No,3,8,Every develop go idea.
62,Master,4-6,12 AM - 2 AM,Morning,Sometimes,Sometimes,No,Yes,No,9,9,Beyond likely PM section yes.
23,Undergraduate,Less than 4,10 PM - 12 AM,Late Morning,Sometimes,Sometimes,No,No,No,10,1,Choose recognize include political safe live.
64,Master,Less than 4,After 2 AM,Afternoon,Sometimes,No,Yes,Sometimes,No,2,10,Trouble foreign man sell make.
43,Master,4-6,Before 10 PM,Afternoon,Sometimes,Sometimes,Sometimes,Sometimes,Yes,3,3,Some history approach girl argue employee prepare.
29,Master,6-8,After 2 AM,Morning,No,Yes,No,No,Unsure,3,7,Draw note past where network.
19,Intermediate,4-6,10 PM - 12 AM,Late Morning,Yes,Yes,Sometimes,Yes,Unsure,9,1,Now really total she identify center.
35,Master,Less than 4,12 AM - 2 AM,Morning,No,Yes,Yes,Yes,No,3,1,Identify right military fast close bill.
24,Undergraduate,Less than 4,10 PM - 12 AM,Afternoon,Sometimes,Yes,Sometimes,Yes,Unsure,5,2,Law check relationship I best sea together.
41,Master,6-8,Before 10 PM,Late Morning,Sometimes,Yes,Sometimes,No,Yes,5,4,Save success myself respond knowledge.
56,Master,4-6,Before 10 PM,Morning,No,Sometimes,Yes,Sometimes,No,9,5,Sometimes officer challenge south as.
35,Master,more than 8,12 AM - 2 AM,Late Morning,No,Yes,Yes,Yes,No,8,5,Light party tough level Democrat call.
41,Master,4-6,10 PM - 12 AM,Morning,Yes,No,Yes,Sometimes,Yes,4,2,Whatever name foreign probably about religious hand.
65,Master,more than 8,10 PM - 12 AM,Morning,Yes,Sometimes,Sometimes,Yes,Yes,2,9,She purpose head.
27,Master,6-8,Before 10 PM,Afternoon,No,No,Sometimes,Yes,Unsure,5,9,Character produce few.
29,Master,Less than 4,After 2 AM,Morning,No,No,No,Yes,Yes,1,1,Whole outside participant suddenly be game reality.
40,Master,6-8,12 AM - 2 AM,Late Morning,Yes,Yes,No,Sometimes,Unsure,10,1,With someone human cover book concern.
65,Master,6-8,10 PM - 12 AM,Late Morning,No,Sometimes,Yes,Sometimes,No,1,9,Once tough new whom bring.
34,Master,more than 8,Before 10 PM,Late Morning,Sometimes,Sometimes,Yes,No,No,6,3,Range size politics finish clear still minute.
48,Master,4-6,Before 10 PM,Morning,No,Sometimes,Sometimes,No,Yes,3,5,Present dinner large expert total.
53,Master,more than 8,12 AM - 2 AM,Afternoon,Yes,Yes,Sometimes,Sometimes,No,2,2,Hot teacher sell material risk involve.
37,Master,6-8,10 PM - 12 AM,Late Morning,No,Sometimes,No,Yes,Yes,1,5,Best treat north but six.
25,Graduate,Less than 4,Before 10 PM,Late Morning,Yes,Sometimes,No,No,No,5,7,Available environment long eight want effect.
34,Master,4-6,After 2 AM,Morning,Sometimes,No,Sometimes,Sometimes,No,6,7,Discuss statement decide strong economic much middle.
22,Undergraduate,4-6,After 2 AM,Afternoon,Sometimes,No,Sometimes,Yes,Unsure,8,7,Even money particular hundred author.
23,Undergraduate,Less than 4,After 2 AM,Late Morning,No,No,Sometimes,Sometimes,Unsure,3,10,Establish deep relationship start.
30,Master,Less than 4,10 PM - 12 AM,Morning,Sometimes,Yes,Yes,No,No,5,10,Improve policy indeed where kind others subject.
27,Master,6-8,12 AM - 2 AM,Morning,No,Yes,Sometimes,Sometimes,Unsure,3,10,Cover also trial daughter sort product reach.
53,Master,6-8,Before 10 PM,Late Morning,Sometimes,No,No,Yes,Unsure,8,2,Sound executive road tonight last.
31,Master,4-6,10 PM - 12 AM,Late Morning,Sometimes,Sometimes,No,Yes,Unsure,5,10,Edge reduce seem team along.
37,Master,Less than 4,Before 10 PM,Morning,No,Sometimes,No,No,Yes,9,4,Seem paper born speak.
28,Master,4-6,12 AM - 2 AM,Late Morning,Sometimes,Sometimes,No,Sometimes,No,6,1,Traditional avoid station stand figure process.
36,Master,4-6,Before 10 PM,Afternoon,Sometimes,No,Sometimes,Sometimes,Yes,9,5,Cut sell history national simply medical edge.
22,Undergraduate,4-6,12 AM - 2 AM,Afternoon,Sometimes,Sometimes,Yes,Yes,No,9,1,Every control owner.
35,Master,Less than 4,12 AM - 2 AM,Afternoon,No,No,No,Yes,Unsure,10,10,Next send raise out drop.
57,Master,4-6,After 2 AM,Late Morning,Yes,No,Sometimes,Sometimes,Yes,10,7,Place agent five hope both.
40,Master,more than 8,Before 10 PM,Afternoon,Yes,Yes,Sometimes,No,Unsure,5,10,View political girl their training water go.
30,Master,4-6,Before 10 PM,Late Morning,Yes,Sometimes,No,Yes,Yes,9,6,Trouble three seem receive radio century.
38,Master,more than 8,Before 10 PM,Late Morning,Yes,Sometimes,Yes,Sometimes,Unsure,2,1,Amount buy interesting late measure.
47,Master,6-8,12 AM - 2 AM,Late Morning,No,Sometimes,No,Sometimes,No,7,9,Yet you choice lead.
62,Master,more than 8,12 AM - 2 AM,Late Morning,Sometimes,Yes,No,Yes,No,7,3,Research wind set throw picture myself.
38,Master,Less than 4,Before 10 PM,Late Morning,Yes,Sometimes,Yes,Sometimes,Unsure,9,9,Together husband relationship thing.
24,Undergraduate,more than 8,10 PM - 12 AM,Morning,Yes,Sometimes,No,No,No,3,7,Here above listen so deep send able.
62,Master,6-8,10 PM - 12 AM,Morning,Yes,Sometimes,No,Sometimes,Unsure,10,7,Floor protect across that everybody though.
39,Master,6-8,12 AM - 2 AM,Late Morning,Sometimes,Sometimes,Yes,Sometimes,No,3,6,Shake room history art lot purpose purpose.
21,Undergraduate,4-6,After 2 AM,Morning,No,Yes,No,Sometimes,No,4,2,Bed suggest race half company.
24,Undergraduate,Less than 4,10 PM - 12 AM,Afternoon,Sometimes,Yes,Sometimes,Yes,Yes,5,3,Key eight economic dog.
47,Master,6-8,10 PM - 12 AM,Late Morning,Sometimes,Yes,Sometimes,Sometimes,No,10,2,Clear group late chance toward.
39,Master,Less than 4,Before 10 PM,Late Morning,No,No,Yes,Yes,Unsure,8,4,Couple social morning camera still body consider.
44,Master,6-8,12 AM - 2 AM,Afternoon,Sometimes,No,Sometimes,Sometimes,No,1,9,Owner writer anything behind economic.
27,Master,Less than 4,After 2 AM,Late Morning,No,Yes,Sometimes,Sometimes,Unsure,9,2,Medical capital for hour look hope.
50,Master,4-6,12 AM - 2 AM,Afternoon,Sometimes,No,Yes,No,No,8,4,Beat economic tonight.
31,Master,more than 8,10 PM - 12 AM,Morning,Sometimes,No,Sometimes,No,Unsure,6,4,Conference important along wonder though without tend.
53,Master,more than 8,10 PM - 12 AM,Afternoon,Sometimes,No,No,Sometimes,Unsure,9,3,Direction house skill suggest trade prove.
34,Master,6-8,After 2 AM,Late Morning,Yes,No,No,Yes,Unsure,8,4,They rock sell beyond within.
50,Master,Less than 4,10 PM - 12 AM,Late Morning,Yes,Sometimes,Yes,Sometimes,Unsure,7,3,Not group well sport.
19,Intermediate,more than 8,Before 10 PM,Late Morning,Yes,Yes,Sometimes,No,Yes,6,4,View how body include whose value maintain get.
26,Graduate,4-6,10 PM - 12 AM,Late Morning,Yes,Yes,Sometimes,Sometimes,No,8,6,Eat phone parent guy.
19,Intermediate,more than 8,After 2 AM,Morning,Sometimes,No,Sometimes,Sometimes,Yes,8,9,But program onto determine work.
47,Master,Less than 4,12 AM - 2 AM,Morning,Yes,Sometimes,No,No,Yes,8,3,More real spring career.
44,Master,4-6,Before 10 PM,Afternoon,Yes,No,No,Yes,Unsure,3,9,Provide board bill.
27,Master,Less than 4,Before 10 PM,Morning,Yes,Sometimes,Sometimes,No,No,3,4,Above thought model.
54,Master,more than 8,Before 10 PM,Late Morning,No,Yes,Yes,Yes,No,8,8,Remember knowledge budget summer court trial population other.
61,Master,more than 8,12 AM - 2 AM,Afternoon,No,Sometimes,Sometimes,Sometimes,Unsure,7,8,Ask wrong writer.
56,Master,4-6,Before 10 PM,Afternoon,Yes,No,Yes,Sometimes,No,7,3,Unit long allow attack note begin.
53,Master,more than 8,Before 10 PM,Afternoon,Sometimes,No,No,No,Yes,7,4,Challenge player investment peace property sense put.
45,Master,6-8,After 2 AM,Afternoon,Yes,Sometimes,No,No,No,10,8,Stuff cold yet yard.
58,Master,Less than 4,After 2 AM,Late Morning,Yes,Sometimes,Yes,Sometimes,Yes,7,1,Bill me around sea.
27,Master,Less than 4,12 AM - 2 AM,Afternoon,Sometimes,No,Sometimes,Yes,Unsure,10,10,Movement stuff minute call issue mission.
23,Undergraduate,Less than 4,12 AM - 2 AM,Late Morning,Yes,Sometimes,Sometimes,No,Yes,10,10,Level nice medical visit.
34,Master,6-8,12 AM - 2 AM,Afternoon,No,Yes,Yes,No,Yes,5,4,Serious animal model conference I father.
44,Master,4-6,12 AM - 2 AM,Late Morning,No,Sometimes,No,Yes,No,6,8,Never why into performance work matter.
26,Graduate,4-6,12 AM - 2 AM,Late Morning,Yes,No,Yes,Sometimes,Unsure,6,3,Possible blue allow news computer take operation ability.
53,Master,Less than 4,10 PM - 12 AM,Morning,Sometimes,Sometimes,Yes,Sometimes,Unsure,5,8,How everybody likely bit health.
45,Master,6-8,After 2 AM,Morning,Yes,No,Yes,Sometimes,Yes,6,5,According old white customer his yourself ground.
22,Undergraduate,Less than 4,12 AM - 2 AM,Late Morning,Sometimes,No,Yes,Yes,Unsure,8,1,Actually herself guy lead begin ground.
27,Master,Less than 4,12 AM - 2 AM,Late Morning,Sometimes,No,Sometimes,Sometimes,Yes,10,3,Probably property none decision medical interest their wife.
